uniqueID,area_km2,NDVI2012_MEAN,NDVI2012_STD,NDVI2012_RANGE,SL_60_MEAN,SL_60_STD,SL_60_RANGE,SP_1000_MEAN,SP_240_MEAN,Alpine_Non-Carbonate_Barrens,Alpine_Non-Carbonate_Dryas_Dwarf_Shrub,Lowland_Low_Birch-Willow_Shrub,Lowland_Water,Lowland_Wet_Sedge_Tundra,Upland_Birch-Aspen-Spruce_Forest,Upland_Dryas_Dwarf_Shrub_Tundra,Upland_Low_Birch-Willow_Shrub_Tundra,Upland_Moist_Sedge_Shrub,Upland_Shrubby_Tussock_Tundra,Cloud_Ice_Snow,Riverine_Water_Shrub_Wet_Sedge_Barrens
KUP19.1,656.5008,5157.306789,940.7345475,14556,3.97761194,4.068666905,45.48372269,13.5417381,0.010405811,0.038391137,1.759822304,0.907676171,2.207353274,2.961602007,0,0.053062036,19.03802779,14.6337417,55.59749635,0.488115886,2.314711347
KUP19.2,631.5684,5167.81443,886.6255542,14556,4.066761687,4.114684784,45.48372269,14.66896125,0.010820125,0.039905822,1.829254388,0.92111189,2.259809706,3.038543323,0,0.046176737,19.33622366,14.97294955,55.68230405,0.507374026,1.36634685
KUP18.1,438.711525,5022.416603,961.3161456,14556,4.686244146,4.49498917,45.48372269,15.47707233,0.013232681,0.059902474,2.546470575,0.988595964,2.967429056,3.300995571,0,0.043080546,21.4219042,17.52762796,50.26699681,0.72498405,0.152012785
KUP18.2,251.76085,5069.548779,854.7030497,14556,5.478892339,5.201272625,45.48372269,32.67732365,0.029451176,0.104399808,4.260012728,1.094052786,1.629638105,2.569593913,0,0.015016411,23.7531016,13.9159224,51.39473854,1.263523708,0
KUP17.1,243.139375,5069.489878,852.0819438,14556,5.494487687,5.189676711,45.48372269,34.86362968,0.029563035,0.108083298,4.282245468,1.064916606,1.687135867,2.504053124,0,0.004441779,23.94637292,13.70251923,51.39656947,1.303662247,0
KUP17.2,224.056075,5043.260884,869.0471696,14556,5.705341806,5.325065429,45.48372269,37.42792245,0.024475658,0.117291216,4.646660213,0.966849164,1.782665804,2.504488799,0,0.004820187,24.31824481,13.53628998,50.70796496,1.414724868,0
KUP16.1,200.15995,5045.579104,844.3271065,14556,5.726128864,5.299412251,45.48372269,38.9037627,0.028200281,0.131315039,4.195785327,0.989359884,1.990412203,2.547151993,0,0,25.19045178,13.25967099,50.11197755,1.583875233,0
KUP16.2,180.9038,5023.988249,861.8464119,14556,5.930519062,5.495200886,45.48372269,44.0842496,0.039546885,0.145300379,4.528196733,0.859859775,2.188960157,2.469608833,0,0,25.49026438,13.73337381,48.83187452,1.752561417,0
KUP14.1,145.331375,4975.365493,910.6333726,14556,6.536979229,5.885805975,45.48372269,56.18688421,0.058922537,0.18097304,5.639293461,0.816237992,2.555934304,2.548497056,0,0,25.65292842,13.68639603,46.73690734,2.182832352,0
KUP14.2,133.386975,4961.53264,935.8490019,14556,6.782048448,6.056228503,45.48372269,57.97410892,0.043434776,0.197206689,6.145824891,0.830699408,2.716319529,2.589350839,0,0,25.58824324,13.78218116,45.7715374,2.378636843,0
KUP14.4,131.4434,4961.91792,941.018872,14556,6.813349071,6.081240893,45.48372269,59.54943546,0.048290329,0.200094565,6.235138524,0.82710322,2.743762463,2.540241621,0,0,25.56893326,13.73731421,45.73394275,2.413469379,0
KUP13.1,101.394025,4939.845012,1035.835994,14556,7.736739952,6.575090865,45.48372269,72.00546549,0.074304253,0.259304318,8.054418386,0.738839702,3.343427257,2.865667931,0,0,26.48278557,15.52629008,39.62827127,3.10099548,0
KUP12.2,88.76755,4869.714029,1065.107818,14556,8.348180485,6.772381248,45.48372269,79.37446502,0.079413031,0.296365463,9.205598465,0.74903326,3.451845687,3.04485065,0,0,25.10174876,16.80351579,37.80283577,3.544206157,0
KUP12.1,88.75065,4870.063742,1064.975449,14556,8.343893454,6.769371335,45.48372269,79.33412762,0.083811029,0.296416607,9.206171962,0.749162522,3.452441377,3.045376104,0,0,25.10811085,16.78306771,37.81443508,3.544817785,0
KUP11.1,81.58175,4856.567425,1096.541578,14556,8.725933551,6.898348773,45.48372269,87.21930544,0.091401079,0.322324267,10.01081773,0.716398799,3.754194631,3.129415401,0,0,25.25388555,17.59206111,35.36625751,3.854645002,0
KUP11.2,80.7604,4853.252594,1101.233571,14556,8.763968603,6.926032771,45.48372269,88.6678844,0.087375564,0.325627558,10.11452723,0.723740702,3.792668919,3.161486735,0,0,25.21160215,17.77458098,35.00161699,3.89414874,0
OKS58,72.66395,4971.35213,1020.023201,9705,2.922043612,2.867542182,30.31105614,40.3783517,-0.05995953,0,0.102754565,0.493964717,4.090374497,3.970287837,0,0,12.07180439,21.05973383,58.21108016,0,0
OKS58,72.66395,4971.35213,1020.023201,9705,2.922043612,2.867542182,30.31105614,40.3783517,-0.05995953,0,0.102754565,0.493964717,4.090374497,3.970287837,0,0,12.07180439,21.05973383,58.21108016,0,0
OKS58,72.66395,4971.35213,1020.023201,9705,2.922043612,2.867542182,30.31105614,40.3783517,-0.05995953,0,0.102754565,0.493964717,4.090374497,3.970287837,0,0,12.07180439,21.05973383,58.21108016,0,0
OKS70,70.8291,4972.242243,1024.893702,9705,2.900943025,2.860420914,30.31105614,41.37008728,-0.065916077,0,0.105408872,0.504184605,4.149045605,3.8785385,0,0,11.91247254,20.89254645,58.55780343,0,0
OKS70,70.8291,4972.242243,1024.893702,9705,2.900943025,2.860420914,30.31105614,41.37008728,-0.065916077,0,0.105408872,0.504184605,4.149045605,3.8785385,0,0,11.91247254,20.89254645,58.55780343,0,0
OKS70,70.8291,4972.242243,1024.893702,9705,2.900943025,2.860420914,30.31105614,41.37008728,-0.065916077,0,0.105408872,0.504184605,4.149045605,3.8785385,0,0,11.91247254,20.89254645,58.55780343,0,0
OKS59,68.97735,4973.738208,1035.016575,9705,2.870006576,2.865720885,30.31105614,42.20445434,-0.070530511,0,0.108195482,0.457549568,4.258730593,3.906769387,0,0,11.85718196,20.83088916,58.58068385,0,0
OKS59,68.97735,4973.738208,1035.016575,9705,2.870006576,2.865720885,30.31105614,42.20445434,-0.070530511,0,0.108195482,0.457549568,4.258730593,3.906769387,0,0,11.85718196,20.83088916,58.58068385,0,0
OKS59,68.97735,4973.738208,1035.016575,9705,2.870006576,2.865720885,30.31105614,42.20445434,-0.070530511,0,0.108195482,0.457549568,4.258730593,3.906769387,0,0,11.85718196,20.83088916,58.58068385,0,0
KUP9.1,68.0102,4809.170079,1156.942862,14556,9.45384523,7.205920193,45.48372269,98.45998793,0.135884317,0.386713991,11.92323992,0.717804736,4.335964401,3.126820999,0,0,25.30460349,19.06552948,30.51464745,4.624675531,0
OKS61,61.6759,4962.253532,1077.225031,9705,2.582412943,2.554525778,30.31105614,38.85597585,-0.046642026,0,0.103497034,0.494161893,4.705470766,4.050961356,0,0,10.90508885,21.37432399,58.36649612,0,0
OKS61,61.6759,4962.253532,1077.225031,9705,2.582412943,2.554525778,30.31105614,38.85597585,-0.046642026,0,0.103497034,0.494161893,4.705470766,4.050961356,0,0,10.90508885,21.37432399,58.36649612,0,0
OKS61,61.6759,4962.253532,1077.225031,9705,2.582412943,2.554525778,30.31105614,38.85597585,-0.046642026,0,0.103497034,0.494161893,4.705470766,4.050961356,0,0,10.90508885,21.37432399,58.36649612,0,0
KUP8.1,61.275225,4798.363564,1187.428065,14394,9.833723632,7.424297774,45.48372269,101.4076195,0.115793785,0.429241331,13.09921061,0.676202096,4.768694783,3.114939656,0,0,25.29583842,19.60251077,27.88010643,5.133255913,0
OKS87,58.306325,4961.975315,1101.756156,9705,2.626368357,2.599490762,30.31105614,41.26003146,-0.046058412,0,0.109534094,0.484418389,4.979944462,3.870718914,0,0,10.87164455,21.09071274,58.59302684,0,0
OKS87,58.306325,4961.975315,1101.756156,9705,2.626368357,2.599490762,30.31105614,41.26003146,-0.046058412,0,0.109534094,0.484418389,4.979944462,3.870718914,0,0,10.87164455,21.09071274,58.59302684,0,0
OKS87,58.306325,4961.975315,1101.756156,9705,2.626368357,2.599490762,30.31105614,41.26003146,-0.046058412,0,0.109534094,0.484418389,4.979944462,3.870718914,0,0,10.87164455,21.09071274,58.59302684,0,0
OKS14,57.989325,4963.426944,1103.002196,9705,2.621904813,2.59828301,30.31105614,41.5463283,-0.044234647,0,0.110127034,0.47308092,5.006902328,3.84669076,0,0,10.80330691,21.07924493,58.68064711,0,0
OKS14,57.989325,4963.426944,1103.002196,9705,2.621904813,2.59828301,30.31105614,41.5463283,-0.044234647,0,0.110127034,0.47308092,5.006902328,3.84669076,0,0,10.80330691,21.07924493,58.68064711,0,0
OKS14,57.989325,4963.426944,1103.002196,9705,2.621904813,2.59828301,30.31105614,41.5463283,-0.044234647,0,0.110127034,0.47308092,5.006902328,3.84669076,0,0,10.80330691,21.07924493,58.68064711,0,0
OKS15,50.533625,4958.965075,1169.178477,9705,2.625845724,2.732119291,30.31105614,45.25748262,-0.049162191,0,0.126415497,0.423758992,5.718965886,4.079125418,0,0,11.73705577,20.51848159,57.39619685,0,0
OKS15,50.533625,4958.965075,1169.178477,9705,2.625845724,2.732119291,30.31105614,45.25748262,-0.049162191,0,0.126415497,0.423758992,5.718965886,4.079125418,0,0,11.73705577,20.51848159,57.39619685,0,0
OKS15,50.533625,4958.965075,1169.178477,9705,2.625845724,2.732119291,30.31105614,45.25748262,-0.049162191,0,0.126415497,0.423758992,5.718965886,4.079125418,0,0,11.73705577,20.51848159,57.39619685,0,0
TC12.1,42.73155,1250.56445,1497.810331,9113,27.0314807,8.281013619,53.64094508,132.893418,-0.149327608,35.2725973,56.68509914,0,0.161897353,0.210256302,0.769538067,0,1.852358024,1.074409705,0.302769076,3.67107504,0
OKS26,41.652875,4894.950584,1266.678377,9705,2.901484592,2.908875373,30.31105614,52.18739232,-0.067333334,0,0.15314266,0.427073897,6.854751736,4.154264268,0,0,12.71084077,19.92364436,55.7762823,0,0
OKS26,41.652875,4894.950584,1266.678377,9705,2.901484592,2.908875373,30.31105614,52.18739232,-0.067333334,0,0.15314266,0.427073897,6.854751736,4.154264268,0,0,12.71084077,19.92364436,55.7762823,0,0
OKS26,41.652875,4894.950584,1266.678377,9705,2.901484592,2.908875373,30.31105614,52.18739232,-0.067333334,0,0.15314266,0.427073897,6.854751736,4.154264268,0,0,12.71084077,19.92364436,55.7762823,0,0
TC12.2,41.1984,1238.936665,1495.114613,9113,27.00015641,8.267516214,53.64094508,140.8298185,-0.203989187,35.56103092,56.49121277,0,0.167894989,0.20278226,0.750076316,0,1.641882168,1.085866295,0.298722254,3.800532031,0
TC11.1,38.0827,1137.470194,1434.569261,9022,27.04972634,8.176262475,53.64094508,168.3319321,-0.276941904,37.35849057,55.25471698,0,0.181603774,0.214622642,0.589622642,0,1.195754717,0.839622642,0.297169811,4.068396226,0
OKS16,35.6831,4817.073365,1339.200617,9705,3.019172732,3.025107299,30.31105614,55.62717303,-0.094161447,0,0.110803324,0.460841098,7.980357593,4.427096449,0,0,12.51322085,19.75069252,54.75698816,0,0
OKS16,35.6831,4817.073365,1339.200617,9705,3.019172732,3.025107299,30.31105614,55.62717303,-0.094161447,0,0.110803324,0.460841098,7.980357593,4.427096449,0,0,12.51322085,19.75069252,54.75698816,0,0
OKS16,35.6831,4817.073365,1339.200617,9705,3.019172732,3.025107299,30.31105614,55.62717303,-0.094161447,0,0.110803324,0.460841098,7.980357593,4.427096449,0,0,12.51322085,19.75069252,54.75698816,0,0
OKS25,35.5139,4814.618585,1341.859615,9705,3.029466637,3.02835881,30.31105614,55.86410906,-0.091515194,0,0.111330398,0.354233085,8.018318911,4.397550731,0,0,12.55503264,19.77632711,54.78720713,0,0
OKS25,35.5139,4814.618585,1341.859615,9705,3.029466637,3.02835881,30.31105614,55.86410906,-0.091515194,0,0.111330398,0.354233085,8.018318911,4.397550731,0,0,12.55503264,19.77632711,54.78720713,0,0
OKS25,35.5139,4814.618585,1341.859615,9705,3.029466637,3.02835881,30.31105614,55.86410906,-0.091515194,0,0.111330398,0.354233085,8.018318911,4.397550731,0,0,12.55503264,19.77632711,54.78720713,0,0
OKS62,34.605775,4804.221355,1356.666141,9705,3.058475172,3.059153944,30.31105614,56.96105361,-0.083751639,0,0.114339172,0.291045164,8.23501897,4.295514786,0,0,12.73322592,20.17306793,54.15778806,0,0
OKS62,34.605775,4804.221355,1356.666141,9705,3.058475172,3.059153944,30.31105614,56.96105361,-0.083751639,0,0.114339172,0.291045164,8.23501897,4.295514786,0,0,12.73322592,20.17306793,54.15778806,0,0
OKS62,34.605775,4804.221355,1356.666141,9705,3.058475172,3.059153944,30.31105614,56.96105361,-0.083751639,0,0.114339172,0.291045164,8.23501897,4.295514786,0,0,12.73322592,20.17306793,54.15778806,0,0
KUP8.3,30.682775,5165.772154,1210.764126,14394,9.401399125,6.594754102,45.48372269,68.75264484,-0.019567543,0.114520628,12.60901483,0.854500073,1.659080899,1.430039642,0,0,37.20745852,13.52224343,29.29085303,3.312288944,0
KUP8.2,29.8184,4387.816251,1016.057723,7398,10.35677643,8.195634904,44.66094609,138.2253866,0.252583229,0.764281183,13.94737637,0.404797148,8.092922092,4.930066761,0,0,12.34631302,26.19097967,26.18191705,7.141346706,0
KUP4.1,27.391875,4325.87615,1011.906861,6943,10.70877935,8.368669087,44.66094609,150.3615616,0.298216079,0.832538089,15.19299747,0.111882589,6.518806147,4.76488203,0,0,11.68514923,26.85511205,26.25950179,7.779130606,0
OKS17,26.48895,4898.336141,1380.567753,9465,2.742715655,2.140712551,15.30698395,54.21523277,-0.035324689,0,0.108754758,0.203915171,7.779363785,4.275421425,0,0,11.77270256,20.54445351,55.3153888,0,0
OKS17,26.48895,4898.336141,1380.567753,9465,2.742715655,2.140712551,15.30698395,54.21523277,-0.035324689,0,0.108754758,0.203915171,7.779363785,4.275421425,0,0,11.77270256,20.54445351,55.3153888,0,0
OKS17,26.48895,4898.336141,1380.567753,9465,2.742715655,2.140712551,15.30698395,54.21523277,-0.035324689,0,0.108754758,0.203915171,7.779363785,4.275421425,0,0,11.77270256,20.54445351,55.3153888,0,0
KUP5.1,26.3329,5144.9973,1245.133149,14394,10.01965366,6.722614,45.48372269,78.41920492,0.043018481,0.133483931,14.69692302,0.722182291,1.783208406,1.475168566,0,0,35.71208543,13.97474073,27.64144163,3.860765992,0
OKS24,25.590875,4895.294544,1399.318287,9465,2.790361139,2.161201037,15.30698395,55.25384516,-0.037449285,0,0.112521537,0.210977882,7.985512852,4.212525054,0,0,11.78311474,20.26794191,55.42740603,0,0
OKS24,25.590875,4895.294544,1399.318287,9465,2.790361139,2.161201037,15.30698395,55.25384516,-0.037449285,0,0.112521537,0.210977882,7.985512852,4.212525054,0,0,11.78311474,20.26794191,55.42740603,0,0
OKS24,25.590875,4895.294544,1399.318287,9465,2.790361139,2.161201037,15.30698395,55.25384516,-0.037449285,0,0.112521537,0.210977882,7.985512852,4.212525054,0,0,11.78311474,20.26794191,55.42740603,0,0
KUP5.2,24.006775,5080.005473,1270.915375,14394,10.4645814,6.810467834,45.48372269,78.88196937,0.075729507,0.146390901,16.11801359,0.761983409,1.790473331,1.505198754,0,0,34.1691378,14.68788709,26.58683983,4.234075297,0
OKS27,23.089225,4847.651791,1453.829479,9465,2.782774091,2.121131637,15.30698395,56.26838796,-0.056084598,0,0.124654279,0.171399634,8.753067664,4.164232013,0,0,11.78762027,18.80721437,56.19181177,0,0
OKS27,23.089225,4847.651791,1453.829479,9465,2.782774091,2.121131637,15.30698395,56.26838796,-0.056084598,0,0.124654279,0.171399634,8.753067664,4.164232013,0,0,11.78762027,18.80721437,56.19181177,0,0
OKS27,23.089225,4847.651791,1453.829479,9465,2.782774091,2.121131637,15.30698395,56.26838796,-0.056084598,0,0.124654279,0.171399634,8.753067664,4.164232013,0,0,11.78762027,18.80721437,56.19181177,0,0
KUP4.2,22.767525,4328.94618,953.6966658,6943,10.32374856,8.445062337,44.66094609,151.6437143,0.186442227,0.549928786,12.29624941,0.110777022,4.652634911,4.949359076,0,0,11.82149074,29.53394524,30.04431081,6.041304004,0
TC11.2,21.518425,1106.331604,1446.321093,8796,28.03271318,8.204774838,53.64094508,156.762523,-0.346025446,41.07991001,52.88309308,0,0.304141322,0.258311807,0.649945838,0,1.537371886,0.816598617,0.374968753,2.095658695,0
TC6.1,19.4331,1030.204872,1400.865087,8796,27.85515962,8.05590543,52.78953886,175.6458873,-0.275592267,43.22976779,50.82406168,0,0.337011218,0.240062786,0.549374452,0,1.43114353,0.835603158,0.309311666,2.243663727,0
KUP16.3,19.1894,5248.040244,622.470211,5981,3.800452262,2.033616326,20.28829775,-9.623053328,-0.071325457,0,1.078344039,2.212949505,0.126588213,3.286605092,0,0,22.30296779,8.743963618,62.24858174,0,0
TC5.1,18.65385,978.8609275,1377.053767,8796,27.89764828,7.982884701,52.78953886,188.7974212,-0.164097172,44.69107332,49.41866052,0,0.350725473,0.235418468,0.485250312,0,1.398097434,0.816757951,0.283463054,2.320553474,0
TC5.2,17.547575,987.0221538,1403.78614,8796,27.76703992,8.015813074,52.78953886,190.6360723,-0.225372746,45.81842347,47.99100296,0,0.373172477,0.245373684,0.506083223,0,1.472242102,0.838360086,0.296493201,2.458848788,0
KUP17.3,17.502525,5403.85257,517.7395779,8026,2.979337371,1.78161022,13.91650391,8.160605048,0.124681828,0,0,2.320328542,0.569815195,2.577002053,0,0,20.14887064,14.28131417,60.1026694,0,0
KUP6.1,17.180425,4938.866405,1310.254438,14394,11.38638089,7.358062139,45.48372269,96.95434944,0.081744823,0.204488255,22.25251678,0.256921141,0.870385906,1.095847315,0,0,34.03418624,13.95239094,22.31019295,5.02307047,0
KUP2.4,16.601475,4363.294108,900.6460481,6133,9.967596617,8.135780787,44.66094609,166.1161215,0.29593162,0.021729683,10.36505867,0.086918731,4.019991308,5.225988701,0,0,12.23381139,34.62624946,30.2531508,3.16710126,0
KUP2.1,15.59205,4363.904542,911.578682,6133,10.29494199,8.229933149,44.66094609,173.8749178,0.373534061,0.023132084,11.0166551,0,1.792736526,5.470737913,0,0,12.86143882,35.23016424,30.23363405,3.371501272,0
TC11.3,15.511225,1091.693191,1344.621272,8180,25.6555301,7.843710491,46.33564234,202.5106788,-0.160171309,33.94692527,57.11050462,0,0.023227455,0.150978457,0.36002555,0,0.487776552,0.783926601,0.052261773,7.08437373,0
TC4.1,14.951575,940.706063,1428.65259,8796,28.09405905,7.96360202,52.78953886,204.2225045,-0.415661894,48.37161878,45.19882445,0,0.41384274,0.239908835,0.341870089,0,1.499430217,0.785701433,0.311881485,2.83692197,0
OKS4,13.8675,4515.517098,1635.075426,9180,3.0736814,2.434453831,15.30698395,53.57132343,-0.105455803,0,0.103801739,0.207603477,12.68976255,4.203970417,0,0,9.44595822,19.92993383,53.41896977,0,0
OKS4,13.8675,4515.517098,1635.075426,9180,3.0736814,2.434453831,15.30698395,53.57132343,-0.105455803,0,0.103801739,0.207603477,12.68976255,4.203970417,0,0,9.44595822,19.92993383,53.41896977,0,0
OKS4,13.8675,4515.517098,1635.075426,9180,3.0736814,2.434453831,15.30698395,53.57132343,-0.105455803,0,0.103801739,0.207603477,12.68976255,4.203970417,0,0,9.44595822,19.92993383,53.41896977,0,0
TC10.1,12.07935,813.3860642,1158.909431,8180,25.74390124,7.991688827,46.33564234,260.2553705,-0.408691252,40.86878772,48.88607406,0,0.029804038,0.178824231,0.245883317,0,0.461962596,0.305491394,0.00745101,9.01572163,0
KUP14.3,11.6772,5125.703192,534.6512803,6710,3.828076157,2.107657574,13.37491341,38.10698986,0.166893165,0,0,0.60064685,0.785461266,2.14076698,0,0,26.1974434,12.55967966,57.71600185,0,0
KUP6.2,11.088225,4698.687678,1367.470589,8700,12.27911975,7.861605713,44.8252281,118.4052401,0.317025684,0.316507061,28.33955527,0.016231131,0.267813667,0.551858465,0,0,32.27560461,12.5710112,17.8867067,7.774711897,0
TC4.2,11.0617,910.4863699,1436.003589,8796,28.2792153,7.936387366,52.15708303,214.9958226,-0.363228613,50.42424242,42.87676768,0,0.21010101,0.250505051,0.274747475,0,1.535353535,0.791919192,0.234343434,3.402020202,0
KUP2.2,10.394875,4394.583066,770.9281154,5022,8.26367332,7.885327868,41.7319376,159.9725962,0.27133033,0,2.681593335,0,0.798403194,6.864531806,0,0,9.15560184,40.92684197,39.57302786,0,0
OKS3,9.18145,5346.240345,926.9827529,8843,2.348276581,1.42810282,8.348361015,60.48686016,0.020490517,0,0.156647738,0.117485804,2.849030742,4.112003133,0,0,15.37105933,17.05502252,60.33875073,0,0
OKS3,9.18145,5346.240345,926.9827529,8843,2.348276581,1.42810282,8.348361015,60.48686016,0.020490517,0,0.156647738,0.117485804,2.849030742,4.112003133,0,0,15.37105933,17.05502252,60.33875073,0,0
OKS3,9.18145,5346.240345,926.9827529,8843,2.348276581,1.42810282,8.348361015,60.48686016,0.020490517,0,0.156647738,0.117485804,2.849030742,4.112003133,0,0,15.37105933,17.05502252,60.33875073,0,0
KUP18.3,9.0382,5426.774036,411.0935183,3252,2.467266404,1.604864706,13.66821937,-32.09690913,-0.093176499,0,0,0.880528317,0.120072043,1.140684411,0,0,7.424454673,15.67940764,74.60476286,0,0.150090054
OKS22,8.5731,4596.264672,1793.061156,9180,3.492444397,2.58858693,15.30698395,55.83181704,-0.169507368,0,0.168580761,0.168580761,14.72974397,4.003793067,0,0,11.99030661,18.69139184,50.24760299,0,0
OKS22,8.5731,4596.264672,1793.061156,9180,3.492444397,2.58858693,15.30698395,55.83181704,-0.169507368,0,0.168580761,0.168580761,14.72974397,4.003793067,0,0,11.99030661,18.69139184,50.24760299,0,0
OKS22,8.5731,4596.264672,1793.061156,9180,3.492444397,2.58858693,15.30698395,55.83181704,-0.169507368,0,0.168580761,0.168580761,14.72974397,4.003793067,0,0,11.99030661,18.69139184,50.24760299,0,0
KUP12.3,8.2977,5621.414275,570.262732,4269,3.222992147,1.862184096,17.31217384,43.20752863,0.016182461,0,0,0.528872099,3.928764166,1.985968699,0,0,41.0577442,6.162978953,46.33567188,0,0
TC3.1,8.2143,683.0584501,1198.266457,8024,29.02954181,7.407755611,51.33178902,254.0067486,-0.670044814,54.14718991,39.8412871,0,0.23915643,0.130448962,0.065224481,0,0.858788999,0.467442113,0.021741494,4.228720513,0
OKS8,8.0511,4491.966771,1229.800522,9404,4.108063663,4.870079664,30.31105614,66.33368556,-0.247927106,0,0.133541064,0.578677943,9.793011351,4.340084576,0,0,15.98041398,18.95170265,50.22256844,0,0
OKS8,8.0511,4491.966771,1229.800522,9404,4.108063663,4.870079664,30.31105614,66.33368556,-0.247927106,0,0.133541064,0.578677943,9.793011351,4.340084576,0,0,15.98041398,18.95170265,50.22256844,0,0
OKS8,8.0511,4491.966771,1229.800522,9404,4.108063663,4.870079664,30.31105614,66.33368556,-0.247927106,0,0.133541064,0.578677943,9.793011351,4.340084576,0,0,15.98041398,18.95170265,50.22256844,0,0
TC10.2,8.007,803.8778652,1142.142482,8180,25.03760905,8.054834545,45.68222642,250.2918506,-0.744304748,42.02785515,46.29526462,0,0.033426184,0.133704735,0.233983287,0,0.512534819,0.401114206,0,10.36211699,0
OKS7,7.71695,4471.053006,1249.137928,9404,4.230567447,4.937116617,30.31105614,68.51497388,-0.243077886,0,0.139340455,0.383186252,10.21830005,3.297724106,0,0,16.59312587,19.4496052,49.91871807,0,0
OKS7,7.71695,4471.053006,1249.137928,9404,4.230567447,4.937116617,30.31105614,68.51497388,-0.243077886,0,0.139340455,0.383186252,10.21830005,3.297724106,0,0,16.59312587,19.4496052,49.91871807,0,0
OKS7,7.71695,4471.053006,1249.137928,9404,4.230567447,4.937116617,30.31105614,68.51497388,-0.243077886,0,0.139340455,0.383186252,10.21830005,3.297724106,0,0,16.59312587,19.4496052,49.91871807,0,0
KUP1.1,7.16885,4380.451917,798.8104174,5022,8.630127393,8.45675128,41.7319376,174.3750818,0.292221873,0,3.128519585,0,0.162683018,5.005631335,0,0,10.58691027,39.53197347,41.58428232,0,0
OKS60,7.144575,5068.811202,558.5379022,6431,5.352159107,3.999451837,27.47623444,72.12225436,-0.28549807,0,0.151152538,0.037788135,0.491245749,2.494016879,0,0,20.12847966,16.40005038,60.29726666,0,0
OKS60,7.144575,5068.811202,558.5379022,6431,5.352159107,3.999451837,27.47623444,72.12225436,-0.28549807,0,0.151152538,0.037788135,0.491245749,2.494016879,0,0,20.12847966,16.40005038,60.29726666,0,0
OKS60,7.144575,5068.811202,558.5379022,6431,5.352159107,3.999451837,27.47623444,72.12225436,-0.28549807,0,0.151152538,0.037788135,0.491245749,2.494016879,0,0,20.12847966,16.40005038,60.29726666,0,0
TC9.1,6.84545,681.2021291,1020.923918,8180,25.19715975,8.138089246,45.68222642,279.5490215,-0.482968905,43.43342037,43.31592689,0,0.039164491,0.156657963,0.169712794,0,0.535248042,0.261096606,0,12.08877285,0
KUP11.3,6.787125,4881.057552,547.8011185,4451,4.840114872,3.066822624,28.72342552,73.25172623,-0.160847466,0,0.451347405,0.106199389,1.208018054,3.451480154,0,0,18.12027081,12.88995088,63.77273331,0,0
OKS65,6.34075,4418.626813,1289.941355,9404,4.789507359,5.266270306,30.31105614,76.61389174,-0.292084729,0,0.169563374,0.296735905,10.97922849,2.96735905,0,0,19.35848523,19.04761905,47.1810089,0,0
OKS65,6.34075,4418.626813,1289.941355,9404,4.789507359,5.266270306,30.31105614,76.61389174,-0.292084729,0,0.169563374,0.296735905,10.97922849,2.96735905,0,0,19.35848523,19.04761905,47.1810089,0,0
OKS65,6.34075,4418.626813,1289.941355,9404,4.789507359,5.266270306,30.31105614,76.61389174,-0.292084729,0,0.169563374,0.296735905,10.97922849,2.96735905,0,0,19.35848523,19.04761905,47.1810089,0,0
KUP13.2,6.328925,4870.649972,548.4977083,7028,3.389106137,1.582855036,10.90668392,85.20149916,0.032998647,0,0.297661233,0.070871722,1.459957477,0.609496811,0,0,19.81573352,6.109142452,71.21190645,0.425230333,0
OKS33,6.319475,4416.753675,1291.869347,9404,4.805946995,5.269583856,30.31105614,76.81401305,-0.290006032,0,0.170261067,0.297956867,10.98183882,2.823496027,0,0,19.39557321,19.11180477,47.21906924,0,0
OKS33,6.319475,4416.753675,1291.869347,9404,4.805946995,5.269583856,30.31105614,76.81401305,-0.290006032,0,0.170261067,0.297956867,10.98183882,2.823496027,0,0,19.39557321,19.11180477,47.21906924,0,0
OKS33,6.319475,4416.753675,1291.869347,9404,4.805946995,5.269583856,30.31105614,76.81401305,-0.290006032,0,0.170261067,0.297956867,10.98183882,2.823496027,0,0,19.39557321,19.11180477,47.21906924,0,0
KUP9.2,6.1725,4801.368483,754.9166125,7266,6.00656923,3.051027763,21.31699324,84.44852471,0.488120207,0,1.342281879,0.423110592,0.437700613,3.399474759,0,0,23.63583309,15.40706157,55.3545375,0,0
KUP6.3,6.0872,5375.731401,1069.377942,14006,9.772225719,6.006904459,33.53594971,58.05721434,-0.344835128,0,11.15396025,0.63779294,1.972708395,2.076535153,0,0,37.28863839,16.49362207,30.37674281,0,0
OKS10,5.81995,5367.073009,468.5539482,6372,2.2357249,1.947547577,12.21416339,32.31809175,0.103694019,0,0.416409624,0,0.138803208,1.650215916,0,0,13.77236274,20.91301666,63.10919186,0,0
OKS10,5.81995,5367.073009,468.5539482,6372,2.2357249,1.947547577,12.21416339,32.31809175,0.103694019,0,0.416409624,0,0.138803208,1.650215916,0,0,13.77236274,20.91301666,63.10919186,0,0
OKS10,5.81995,5367.073009,468.5539482,6372,2.2357249,1.947547577,12.21416339,32.31809175,0.103694019,0,0.416409624,0,0.138803208,1.650215916,0,0,13.77236274,20.91301666,63.10919186,0,0
OKS28,5.694525,5371.372905,468.8551938,6372,2.25544299,1.963740604,12.21416339,32.83042159,0.106441029,0,0.425867508,0,0.141955836,1.403785489,0,0,13.64353312,20.69400631,63.69085174,0,0
OKS28,5.694525,5371.372905,468.8551938,6372,2.25544299,1.963740604,12.21416339,32.83042159,0.106441029,0,0.425867508,0,0.141955836,1.403785489,0,0,13.64353312,20.69400631,63.69085174,0,0
OKS28,5.694525,5371.372905,468.8551938,6372,2.25544299,1.963740604,12.21416339,32.83042159,0.106441029,0,0.425867508,0,0.141955836,1.403785489,0,0,13.64353312,20.69400631,63.69085174,0,0
TC3.2,5.156675,850.2580028,1161.505088,7531,28.7699567,7.469161498,50.94649601,254.986802,-1.346775445,46.99424987,49.7299181,0,0.034849277,0.174246384,0.104547831,0,1.132601499,0.592437707,0.017424638,1.219724691,0
KUP2.3,4.836875,4297.965108,1174.212537,6133,15.13168897,7.010800109,44.49849595,210.4546301,0.626331536,0.074515648,29.73174367,0,3.986587183,2.403129657,0,0,21.40461997,22.3733234,9.165424739,10.86065574,0
KUP4.3,4.508175,4295.848515,1270.49687,6864,12.78162519,7.700738387,38.41599953,147.8364503,0.888251442,2.289156627,30.30120482,0,15.86345382,3.694779116,0,0,11.10441767,13.23293173,6.706827309,16.80722892,0
OKS29,4.45285,5421.095566,480.4448125,4623,2.403739048,2.157914958,12.21416339,36.62647408,0.094966761,0,0.543368887,0,0,1.388609378,0,0,14.46971222,22.31837392,61.2799356,0,0
OKS29,4.45285,5421.095566,480.4448125,4623,2.403739048,2.157914958,12.21416339,36.62647408,0.094966761,0,0.543368887,0,0,1.388609378,0,0,14.46971222,22.31837392,61.2799356,0,0
OKS29,4.45285,5421.095566,480.4448125,4623,2.403739048,2.157914958,12.21416339,36.62647408,0.094966761,0,0.543368887,0,0,1.388609378,0,0,14.46971222,22.31837392,61.2799356,0,0
TC8.1,4.384425,536.0363226,912.1796139,8180,26.202065,8.252315097,44.23740578,316.8859781,-0.668102719,42.25668231,38.19628647,0,0.061211998,0.183635993,0.102019996,0,0.24484799,0.102019996,0,18.85329525,0
TC1.1,4.27645,652.7044594,922.5006961,7290,29.34952846,6.808523029,49.15607595,291.1917164,-1.380861891,53.19371728,44.60732984,0,0.041884817,0.041884817,0.104712042,0,0.460732984,0.083769634,0,1.465968586,0
OKS6,4.2671,4359.480127,1404.13798,9404,5.62222429,5.401388051,30.17788124,86.34296854,-0.207295443,0,0.25083612,0.25083612,10.99498328,2.257525084,0,0,20.54765886,19.39799331,46.30016722,0,0
OKS6,4.2671,4359.480127,1404.13798,9404,5.62222429,5.401388051,30.17788124,86.34296854,-0.207295443,0,0.25083612,0.25083612,10.99498328,2.257525084,0,0,20.54765886,19.39799331,46.30016722,0,0
OKS6,4.2671,4359.480127,1404.13798,9404,5.62222429,5.401388051,30.17788124,86.34296854,-0.207295443,0,0.25083612,0.25083612,10.99498328,2.257525084,0,0,20.54765886,19.39799331,46.30016722,0,0
KUP10.1,4.13675,5766.343988,590.4732635,3709,3.428206444,2.307468466,17.31217384,65.12502312,0.020213174,0,0,0,7.906168549,2.215464813,0,0,43.85317116,7.927888792,38.09730669,0,0
KUP10.2,4.124675,5767.621374,590.7383552,3709,3.431900143,2.309996949,17.31217384,65.54115583,0.019929463,0,0,0,7.926829268,2.221254355,0,0,43.88066202,7.948606272,38.02264808,0,0
TC10.3,3.8742,713.195405,1071.362537,6766,27.66653427,7.347110667,37.42013359,297.274485,0.632253962,40.28235294,52.32941176,0,0.023529412,0.211764706,0.141176471,0,0.329411765,0.070588235,0.023529412,6.588235294,0
OKS81,3.8445,5445.401828,500.0688903,4623,2.598443818,2.249582222,12.16801789,39.22655492,0.105829555,0,0.626159555,0,0,1.600185529,0,0,15.46846011,21.63729128,60.66790353,0,0
OKS81,3.8445,5445.401828,500.0688903,4623,2.598443818,2.249582222,12.16801789,39.22655492,0.105829555,0,0.626159555,0,0,1.600185529,0,0,15.46846011,21.63729128,60.66790353,0,0
OKS81,3.8445,5445.401828,500.0688903,4623,2.598443818,2.249582222,12.16801789,39.22655492,0.105829555,0,0.626159555,0,0,1.600185529,0,0,15.46846011,21.63729128,60.66790353,0,0
OKS71,3.2503,5464.653996,524.0920211,4623,2.779042449,2.377936659,12.16801789,41.04134895,0.090793334,0,0.741350906,0,0,1.894563427,0,0,18.01208127,22.789676,56.56232839,0,0
OKS71,3.2503,5464.653996,524.0920211,4623,2.779042449,2.377936659,12.16801789,41.04134895,0.090793334,0,0.741350906,0,0,1.894563427,0,0,18.01208127,22.789676,56.56232839,0,0
OKS71,3.2503,5464.653996,524.0920211,4623,2.779042449,2.377936659,12.16801789,41.04134895,0.090793334,0,0.741350906,0,0,1.894563427,0,0,18.01208127,22.789676,56.56232839,0,0
TC1.2,3.242175,760.0147222,856.6588304,6835,29.23028225,6.868918681,48.96311712,312.3768077,-2.358287998,45.79797427,52.31316726,0,0.02737476,0.054749521,0.082124281,0,0.57486997,0.054749521,0,1.094990419,0
OKS13,3.1674,5317.523972,369.5183759,2449,1.250945388,0.559591005,3.420001507,19.06623831,0.128125087,0,0,0,0.255681818,2.073863636,0,0,3.75,26.67613636,67.24431818,0,0
OKS13,3.1674,5317.523972,369.5183759,2449,1.250945388,0.559591005,3.420001507,19.06623831,0.128125087,0,0,0,0.255681818,2.073863636,0,0,3.75,26.67613636,67.24431818,0,0
OKS13,3.1674,5317.523972,369.5183759,2449,1.250945388,0.559591005,3.420001507,19.06623831,0.128125087,0,0,0,0.255681818,2.073863636,0,0,3.75,26.67613636,67.24431818,0,0
OKS36,3.0824,4377.204812,1439.123967,9404,6.547863633,5.768061574,29.12245941,95.43591391,-0.204859774,0,0.348432056,0,10.54006969,2.206736353,0,0,25.11614402,21.16724739,40.6213705,0,0
OKS36,3.0824,4377.204812,1439.123967,9404,6.547863633,5.768061574,29.12245941,95.43591391,-0.204859774,0,0.348432056,0,10.54006969,2.206736353,0,0,25.11614402,21.16724739,40.6213705,0,0
OKS36,3.0824,4377.204812,1439.123967,9404,6.547863633,5.768061574,29.12245941,95.43591391,-0.204859774,0,0.348432056,0,10.54006969,2.206736353,0,0,25.11614402,21.16724739,40.6213705,0,0
TC8.2,2.890825,312.4729478,914.6698477,6419,25.15071479,8.044629925,42.07986736,323.1677071,0.785981363,44.88044145,26.42550582,0,0.030656039,0.091968118,0.091968118,0,0.275904353,0.153280196,0,28.0502759,0
OKS37,2.622325,4331.052105,1544.30176,9404,7.353319796,5.888204273,29.12245941,102.6636595,-0.324084654,0,0.407470289,0,12.32597623,1.324278438,0,0,28.11544992,21.12054329,36.70628183,0,0
OKS37,2.622325,4331.052105,1544.30176,9404,7.353319796,5.888204273,29.12245941,102.6636595,-0.324084654,0,0.407470289,0,12.32597623,1.324278438,0,0,28.11544992,21.12054329,36.70628183,0,0
OKS37,2.622325,4331.052105,1544.30176,9404,7.353319796,5.888204273,29.12245941,102.6636595,-0.324084654,0,0.407470289,0,12.32597623,1.324278438,0,0,28.11544992,21.12054329,36.70628183,0,0
TC3.3,2.59535,152.396462,752.2382764,6074,29.99228633,7.027564437,37.95768738,288.6332575,0.832921944,72.36573759,16.14547927,0,0.679809653,0.067980965,0,0,0.101971448,0.067980965,0,10.57104011,0
KUP3.1,2.4416,4615.809506,727.1406069,5512,6.096395077,3.474835019,21.31699324,172.6017282,0.99604803,0,2.506450424,0,0.626612606,6.450423885,0,0,22.92664947,21.56284556,45.92701806,0,0
OKS21,2.3649,5442.471238,489.9428484,7060,3.674292553,2.006267232,14.32911187,69.39705999,0.184578776,0,0,0,0,0.340780008,0,0,18.36425596,18.02347596,63.27148807,0,0
OKS21,2.3649,5442.471238,489.9428484,7060,3.674292553,2.006267232,14.32911187,69.39705999,0.184578776,0,0,0,0,0.340780008,0,0,18.36425596,18.02347596,63.27148807,0,0
OKS21,2.3649,5442.471238,489.9428484,7060,3.674292553,2.006267232,14.32911187,69.39705999,0.184578776,0,0,0,0,0.340780008,0,0,18.36425596,18.02347596,63.27148807,0,0
OKS2,2.343825,5435.038772,517.664607,4116,2.723610919,1.206572724,6.605531007,97.23001339,0.151052546,0,0,0,0,1.726784344,0,0,14.7352264,12.50959325,71.02839601,0,0
OKS2,2.343825,5435.038772,517.664607,4116,2.723610919,1.206572724,6.605531007,97.23001339,0.151052546,0,0,0,0,1.726784344,0,0,14.7352264,12.50959325,71.02839601,0,0
OKS2,2.343825,5435.038772,517.664607,4116,2.723610919,1.206572724,6.605531007,97.23001339,0.151052546,0,0,0,0,1.726784344,0,0,14.7352264,12.50959325,71.02839601,0,0
KUP5.3,2.31105,5819.645752,619.3076582,3675,5.427396299,3.133457018,21.75572068,74.7599498,-0.27103075,0,0,0.234558249,1.720093823,1.172791243,0,0,51.79827991,6.489444879,38.5848319,0,0
TC4.3,2.0871,1054.675746,1546.951077,7563,27.2800307,7.071020896,45.38887024,233.7523814,1.02306237,43.50086655,51.73310225,0,0.259965338,0.259965338,0.346620451,0,1.213171577,0.693240901,0,1.993067591,0
TC4.4,1.890425,943.8862988,1044.755046,6407,26.60839632,6.156433039,32.54278183,197.4078592,1.438871578,41.03773585,57.40566038,0,0.141509434,0.094339623,0.047169811,0,0.660377358,0.283018868,0,0.330188679,0
TC7.1,1.8403,192.715959,668.7957384,4428,28.27015135,6.584335151,34.16405678,416.0547337,-0.513757604,55.01489573,31.13207547,0,0.049652433,0,0,0,0.049652433,0,0,13.75372393,0
OKS66,1.834275,4487.377941,1047.53396,7506,3.247661559,4.745383465,30.31105614,60.04980232,-0.443025985,0,0,0.445324097,12.07323107,2.325581395,0,0,18.0108857,18.40672934,48.73824839,0,0
OKS66,1.834275,4487.377941,1047.53396,7506,3.247661559,4.745383465,30.31105614,60.04980232,-0.443025985,0,0,0.445324097,12.07323107,2.325581395,0,0,18.0108857,18.40672934,48.73824839,0,0
OKS66,1.834275,4487.377941,1047.53396,7506,3.247661559,4.745383465,30.31105614,60.04980232,-0.443025985,0,0,0.445324097,12.07323107,2.325581395,0,0,18.0108857,18.40672934,48.73824839,0,0
OKS9,1.46415,5355.239332,554.2005962,4560,3.330946736,2.804851401,11.34431413,48.64793631,0.04058083,0,0.976800977,0,0,2.380952381,0,0,17.15506716,37.05738706,42.42979243,0,0
OKS9,1.46415,5355.239332,554.2005962,4560,3.330946736,2.804851401,11.34431413,48.64793631,0.04058083,0,0.976800977,0,0,2.380952381,0,0,17.15506716,37.05738706,42.42979243,0,0
OKS9,1.46415,5355.239332,554.2005962,4560,3.330946736,2.804851401,11.34431413,48.64793631,0.04058083,0,0.976800977,0,0,2.380952381,0,0,17.15506716,37.05738706,42.42979243,0,0
TC9.2,1.404325,650.8206452,828.2996155,5750,24.42500507,7.11282206,37.32791901,265.096863,2.141346554,45.55837563,52.7284264,0,0,0.126903553,0.126903553,0,1.015228426,0.38071066,0,0.063451777,0
TC8.3,1.38055,896.9830176,545.0908191,6113,28.87851129,7.940767168,43.96713209,322.459699,-3.091891438,37.25231176,61.55878468,0,0.132100396,0.330250991,0,0,0.132100396,0,0,0.594451783,0
OKS1,1.347325,5397.771124,531.4766429,3426,2.55980156,1.241415719,6.605531007,109.8867361,0.226926559,0,0,0,0,1.796407186,0,0,19.09514305,8.649367931,70.45908184,0,0
OKS1,1.347325,5397.771124,531.4766429,3426,2.55980156,1.241415719,6.605531007,109.8867361,0.226926559,0,0,0,0,1.796407186,0,0,19.09514305,8.649367931,70.45908184,0,0
OKS1,1.347325,5397.771124,531.4766429,3426,2.55980156,1.241415719,6.605531007,109.8867361,0.226926559,0,0,0,0,1.796407186,0,0,19.09514305,8.649367931,70.45908184,0,0
TC12.3,1.20725,947.1764706,1045.637198,6081,31.13315304,5.728314133,34.71849537,23.46189025,2.135242045,34.7761194,63.58208955,0,0,0.149253731,0,0,1.268656716,0,0,0.223880597,0
KUP17.4,1.178675,5069.805959,472.82697,6916,2.458568031,1.540213929,8.635801315,-43.20194267,-0.168715113,0,0,0,0.700389105,1.634241245,0,0,12.37354086,36.6536965,48.6381323,0,0
OKS20,1.12225,5531.792271,569.1254941,4020,4.62718974,2.727377186,11.49710786,115.4732343,0.008871868,0,0,0,0,1.69628433,0,0,17.52827141,4.119547658,76.65589661,0,0
OKS20,1.12225,5531.792271,569.1254941,4020,4.62718974,2.727377186,11.49710786,115.4732343,0.008871868,0,0,0,0,1.69628433,0,0,17.52827141,4.119547658,76.65589661,0,0
OKS20,1.12225,5531.792271,569.1254941,4020,4.62718974,2.727377186,11.49710786,115.4732343,0.008871868,0,0,0,0,1.69628433,0,0,17.52827141,4.119547658,76.65589661,0,0
OKS38,1.107075,5031.85155,948.6519211,7295,9.900243029,6.66696121,28.14778817,124.833823,-0.642578822,0,0,0,3.418124006,1.589825119,0,0,41.89189189,14.78537361,38.31478537,0,0
OKS38,1.107075,5031.85155,948.6519211,7295,9.900243029,6.66696121,28.14778817,124.833823,-0.642578822,0,0,0,3.418124006,1.589825119,0,0,41.89189189,14.78537361,38.31478537,0,0
OKS38,1.107075,5031.85155,948.6519211,7295,9.900243029,6.66696121,28.14778817,124.833823,-0.642578822,0,0,0,3.418124006,1.589825119,0,0,41.89189189,14.78537361,38.31478537,0,0
TC1.3,0.94075,127.5167464,615.7184522,4368,30.23066999,5.858615557,30.50846863,244.2267408,2.409672057,81.55053974,15.50539745,0,0.098135427,0,0,0,0,0,0,2.84592738,0
TC7.3,0.936075,330.6030534,618.5392874,4364,27.45044948,6.456545061,32.09281731,385.4449662,-5.3176393,46.64031621,42.29249012,0,0,0,0,0,0,0,0,11.06719368,0
TC7.2,0.901425,47.6026026,687.2173477,4344,29.13017266,6.610508635,33.43716717,448.4890854,4.511931976,63.46346346,19.81981982,0,0.1001001,0,0,0,0.1001001,0,0,16.51651652,0
TC5.3,0.876225,752.4162384,779.7434714,6395,29.9533289,6.250302656,40.66625547,158.8455982,-0.270376584,30.69207623,68.50551655,0,0,0.100300903,0.100300903,0,0,0.401203611,0,0.200601805,0
OKS5,0.7502,4529.868198,553.1802685,3040,8.357541733,4.161849692,20.58213222,120.0995461,0.258576657,0,1.403508772,0,0.233918129,0,0,0,31.69590643,28.42105263,38.24561404,0,0
OKS5,0.7502,4529.868198,553.1802685,3040,8.357541733,4.161849692,20.58213222,120.0995461,0.258576657,0,1.403508772,0,0.233918129,0,0,0,31.69590643,28.42105263,38.24561404,0,0
OKS5,0.7502,4529.868198,553.1802685,3040,8.357541733,4.161849692,20.58213222,120.0995461,0.258576657,0,1.403508772,0,0.233918129,0,0,0,31.69590643,28.42105263,38.24561404,0,0
TC11.4,0.7423,2028.80241,1796.679601,7309,28.86207005,8.104953881,44.96253061,-55.205358,-1.155526697,14.16666667,76.07142857,0,0,0.357142857,1.19047619,0,3.69047619,1.666666667,2.619047619,0.238095238,0
OKS72,0.585125,5343.294028,321.6225222,1819,1.624548171,0.841285693,3.684826791,29.5502124,0.197681187,0,0,0,0,0,0,0,1.062215478,15.3262519,83.61153263,0,0
OKS72,0.585125,5343.294028,321.6225222,1819,1.624548171,0.841285693,3.684826791,29.5502124,0.197681187,0,0,0,0,0,0,0,1.062215478,15.3262519,83.61153263,0,0
OKS72,0.585125,5343.294028,321.6225222,1819,1.624548171,0.841285693,3.684826791,29.5502124,0.197681187,0,0,0,0,0,0,0,1.062215478,15.3262519,83.61153263,0,0
OKS35,0.565675,4577.111288,1083.893535,6975,5.605521918,7.708934562,30.25911541,95.40214143,-0.974878454,0,0,0,10.79365079,3.333333333,0,0,28.88888889,26.19047619,30.79365079,0,0
OKS35,0.565675,4577.111288,1083.893535,6975,5.605521918,7.708934562,30.25911541,95.40214143,-0.974878454,0,0,0,10.79365079,3.333333333,0,0,28.88888889,26.19047619,30.79365079,0,0
OKS35,0.565675,4577.111288,1083.893535,6975,5.605521918,7.708934562,30.25911541,95.40214143,-0.974878454,0,0,0,10.79365079,3.333333333,0,0,28.88888889,26.19047619,30.79365079,0,0
TC6.2,0.419275,1151.823276,1130.048471,6159,33.05480416,6.305491602,33.48391247,147.5611572,2.957016517,31.42250531,67.09129512,0,0,0,0,0,0.212314225,0,0,1.27388535,0
TC4.5,0.374075,3287.973236,1840.735889,6436,19.46141039,6.631520735,27.85577345,-81.19501817,-3.883818169,8.771929825,66.91729323,0,0,2.506265664,4.511278195,0,7.518796992,5.263157895,4.511278195,0,0
KUP7.1,0.2456,2674.512727,1515.558197,5751,17.61529414,8.445947737,35.37052321,255.7721085,1.062559925,0,4.609929078,0,0,0,0,0,0,0,0,95.39007092,0
OKS82,0.2183,5487.724696,362.9442428,1624,1.893893114,0.729641992,2.984677732,29.98651617,0.1943562,0,0,0,0,0,0,0,9.387755102,6.12244898,84.48979592,0,0
OKS82,0.2183,5487.724696,362.9442428,1624,1.893893114,0.729641992,2.984677732,29.98651617,0.1943562,0,0,0,0,0,0,0,9.387755102,6.12244898,84.48979592,0,0
OKS82,0.2183,5487.724696,362.9442428,1624,1.893893114,0.729641992,2.984677732,29.98651617,0.1943562,0,0,0,0,0,0,0,9.387755102,6.12244898,84.48979592,0,0
TC9.3,0.010075,3252.181818,734.7789795,2529,15.62776869,2.639167033,9.463196754,15.95488947,-15.3133323,0,100,0,0,0,0,0,0,0,0,0,0
TC10.4,0.00645,2427.166667,826.2240246,2103,16.56753778,2.217631031,5.834633827,-100.741394,-11.85705566,0,100,0,0,0,0,0,0,0,0,0,0